{
 "actions": [],
 "allow_rename": 1,
 "creation": "2023-01-17 12:32:34.657505",
 "default_view": "List",
 "doctype": "DocType",
 "editable_grid": 1,
 "engine": "InnoDB",
 "field_order": [
  "item",
  "column_break_2",
  "display_as_name",
  "section_break_4",
  "price",
  "column_break_3",
  "image",
  "section_break_5",
  "about"
 ],
 "fields": [
  {
   "fieldname": "price",
   "fieldtype": "Currency",
   "in_list_view": 1,
   "label": "Price",
   "reqd": 1
  },
  {
   "fieldname": "image",
   "fieldtype": "Attach Image",
   "label": "Image",
   "options": "Image"
  },
  {
   "fieldname": "item",
   "fieldtype": "Link",
   "in_list_view": 1,
   "label": "Item",
   "options": "Item",
   "reqd": 1
  },
  {
   "fieldname": "about",
   "fieldtype": "Small Text",
   "in_list_view": 1,
   "label": "About"
  },
  {
   "fieldname": "column_break_3",
   "fieldtype": "Column Break"
  },
  {
   "fieldname": "section_break_5",
   "fieldtype": "Section Break"
  },
  {
   "fieldname": "column_break_2",
   "fieldtype": "Column Break"
  },
  {
   "fieldname": "display_as_name",
   "fieldtype": "Data",
   "in_list_view": 1,
   "label": "Display as name",
   "reqd": 1
  },
  {
   "fieldname": "section_break_4",
   "fieldtype": "Section Break"
  }
 ],
 "index_web_pages_for_search": 1,
 "istable": 1,
 "links": [],
 "modified": "2023-01-17 17:36:05.874604",
 "modified_by": "Administrator",
 "module": "Sadbhavna Donatekart",
 "name": "Donation Campaign Item",
 "owner": "Administrator",
 "permissions": [],
 "sort_field": "modified",
 "sort_order": "DESC",
 "states": []
}