{
 "actions": [],
 "allow_rename": 1,
 "creation": "2023-02-02 12:44:32.319664",
 "default_view": "List",
 "doctype": "DocType",
 "editable_grid": 1,
 "engine": "InnoDB",
 "field_order": [
  "item",
  "qty",
  "rate",
  "amount",
  "about",
  "donation_campaign"
 ],
 "fields": [
  {
   "fieldname": "item",
   "fieldtype": "Link",
   "in_list_view": 1,
   "label": "Item",
   "options": "Item",
   "reqd": 1
  },
  {
   "fieldname": "qty",
   "fieldtype": "Data",
   "label": "Qty",
   "reqd": 1
  },
  {
   "fieldname": "amount",
   "fieldtype": "Currency",
   "label": "Amount",
   "reqd": 1
  },
  {
   "fieldname": "about",
   "fieldtype": "Small Text",
   "in_list_view": 1,
   "label": "About"
  },
  {
   "fieldname": "donation_campaign",
   "fieldtype": "Link",
   "label": "Donation Campaign",
   "options": "Donation Campaign",
   "reqd": 1
  },
  {
   "fieldname": "rate",
   "fieldtype": "Currency",
   "in_list_view": 1,
   "label": "Rate",
   "reqd": 1
  }
 ],
 "index_web_pages_for_search": 1,
 "istable": 1,
 "links": [],
 "modified": "2023-02-02 13:03:21.495107",
 "modified_by": "Administrator",
 "module": "Sadbhavna Donatekart",
 "name": "Donation Item",
 "owner": "Administrator",
 "permissions": [],
 "sort_field": "modified",
 "sort_order": "DESC",
 "states": []
}